<ID|readonly|noverify>;<Chinese>;<max_chars>
attachables/category/skull;骷\t髅;
attachables/category/camouflage;伪\t装;
attachables/category/thunderLeague;雷\t霆\t联\t赛;
attachables/category/roadSign;路\t标;
attachables/category/roundels;圆\t徽\t与\t徽\t标;
attachables/category/other;其\t他;
attachables/category/weapons;武\t器;
attachables/category/helmet;头\t盔;
attachables/category/machine_gun;机\t枪;
attachables/category/rifle;步\t枪;
attachables/category/assault_rifle;突\t击\t步\t枪;
attachables/category/submachine_gun;冲\t锋\t枪;
attachables/category/hats;帽\t子;
attachables/category/shield;盾\t牌;
attachables/category/ammunition;单\t兵\t装\t备;
attachables/group/hat;帽\t子;
attachables/pirate_skull;海\t盗\t骷\t髅;
attachables/cow_skull;奶\t牛\t骷\t髅;
attachables/deer_skull;鹿\t骷\t髅;
attachables/goat_skull;山\t羊\t骷\t髅;
attachables/road_sign_achtung_panzer;“小\t心，\t坦\t克！”;
attachables/road_sign_arrow;“直\t行”;
attachables/road_sign_no_crossing;“禁\t止\t行\t人\t通\t行”;
attachables/road_sign_no_entry;“禁\t止\t进\t入”;
attachables/road_sign_no_smoking;“禁\t止\t吸\t烟”;
attachables/road_sign_speed_limit_10;“限\t速 10”;
attachables/road_sign_speed_limit_60;“限\t速 60”;
attachables/road_sign_stop;“停\t车\t让\t行”;
attachables/german_cross;铁\t十\t字;
attachables/star_alliance;白\t五\t星;
attachables/star_soviet;红\t五\t星;
attachables/shop_sign_bar;“酒\t吧”;
attachables/lifebuoy;救\t生\t圈;
attachables/mg_ppsh;PPSh-41 冲\t锋\t枪;
attachables/mickey_ear_black;米\t老\t鼠\t耳\t朵;
attachables/bush_big;普\t通\t绿\t色\t植\t物\t树\t叶，\t团\t状\t（大\t尺\t寸）;
attachables/bush_small;普\t通\t绿\t色\t植\t物\t树\t叶，\t团\t状;
attachables/bush_long;普\t通\t绿\t色\t植\t物\t树\t叶，\t束\t状;
attachables/palm;热\t带\t棕\t榈\t树\t叶，\t团\t状\t（大\t尺\t寸）;
attachables/palm_long;热\t带\t棕\t榈\t树\t叶，\t束\t状;
attachables/fir;冷\t杉\t树\t叶，\t团\t状;
attachables/fir_long;冷\t杉\t树\t叶，\t束\t状;
attachables/jerrycan;油\t桶;
attachables/gazmask;防\t毒\t面\t具;
attachables/uk_tank_helmet;英\t国\t装\t甲\t兵\t头\t盔;
thunder_league_skull_gold/name;海\t盗\t骷\t髅;
jerrycan/name;油\t桶;
gazmask/name;防\t毒\t面\t具;
uk_early_helmet/name;英\t国\t钢\t制\t头\t盔;
uk_tank_helmet/name;英\t国\t装\t甲\t兵\t头\t盔;
german_tank_helmet/name;德\t国\t钢\t制\t头\t盔;
ussr_tank_helmet/name;苏\t联\t钢\t制\t头\t盔;
attachables/accordion;键\t钮\t式\t手\t风\t琴;
attachables/balalayka;俄\t式\t三\t弦\t琴;
attachables/guitar;吉\t他;
attachables/teddy_bear_brown;泰\t迪\t熊\t（棕\t色）;
attachables/teddy_bear_white;泰\t迪\t熊\t（白\t色）;
road_sign_achtung_panzer/name;“小\t心，\t坦\t克！”;
road_sign_arrow/name;“直\t行”;
road_sign_no_crossing/name;“禁\t止\t行\t人\t通\t行”;
road_sign_no_entry/name;“禁\t止\t进\t入”;
road_sign_no_smoking/name;“禁\t止\t吸\t烟”;
road_sign_speed_limit_10/name;“限\t速 10”;
road_sign_speed_limit_60/name;“限\t速 60”;
road_sign_stop/name;“停\t车\t让\t行”;
mg_ppsh/name;PPSh-41 冲\t锋\t枪;
attachables/grenades;手\t榴\t弹;
attachables/horseshoe;马\t蹄\t铁;
attachables/gnome;僧\t侣;
attachables/type98_shin_gunto;九\t八\t式\t军\t刀;
attachables/type98_shin_gunto/desc;“入\t海\t为\t尸\t水\t中\t存，\t入\t山\t成\t尸\t丛\t草\t生。\t”;
type98_shin_gunto/name;九\t八\t式\t军\t刀;
attachables/mg_pps;PPS-43 冲\t锋\t枪;
attachables/mg_mp40;MP 40 冲\t锋\t枪;
attachables/mg_sten;“斯\t登”\t冲\t锋\t枪;
attachables/mg_type_99;九\t九\t式\t轻\t机\t关\t枪;
attachables/mg_thompson;M1928A1\t“汤\t普\t森”\t冲\t锋\t枪;
attachables/anchor_danforth;丹\t福\t斯\t锚;
attachables/anchor_matrosov;马\t氏\t锚;
attachables/jack_o_lantern;南\t瓜\t灯;
attachables/witch_hat;女\t巫\t帽;
decals/anchor_danforth;丹\t福\t斯\t锚;
decals/anchor_matrosov;马\t氏\t锚;
attachables/samurai_helmet;武\t士\t头\t盔;
attachables/bush_sakura;樱\t花\t树\t叶，\t团\t状;
decals/samurai_helmet;武\t士\t头\t盔;
decals/bush_sakura;樱\t花\t树\t叶，\t团\t状;
attachables/skates;溜\t冰\t鞋;
attachables/sleigh;雪\t橇;
attachables/ski;滑\t雪\t板;
attachables/crossout_roadsign;“快\t跑\t啊，\t白\t痴！”\t标\t志;
attachables/crossout_wheel;备\t用\t轮\t胎;
attachables/crossout_beep;气\t笛;
decals/crossout_roadsign;“快\t跑\t啊，\t白\t痴！”\t标\t志;
decals/crossout_wheel;备\t用\t轮\t胎;
decals/crossout_beep;气\t笛;
attachables/decor_shield;盾\t牌;
attachables/mg_lanchester_mk1;兰\t彻\t斯\t特 Mk I 冲\t锋\t枪;
attachables/mg_m3;M3 冲\t锋\t枪;
attachables/mg_ppsh_42;PPSh-42 冲\t锋\t枪;
attachables/mg_stg_44;StG 44 突\t击\t步\t枪;
attachables/mg_tp_100;一\t〇\t〇\t式\t机\t关\t短\t枪;
attachables/svt_40;SVT-40 步\t枪;
attachables/svt_40/desc;7.62x54R 毫\t米 SVT-40 半\t自\t动\t步\t枪\t，\t由\t费\t德\t尔·托\t卡\t耶\t夫\t于 1940 年\t设\t计。;
attachables/panzerfaust_60;“铁\t拳”\t60 反\t坦\t克\t榴\t弹\t发\t射\t器;
attachables/streamer_sign_yel_rus;“录\t制\t中！”;
attachables/streamer_sign_yel_eng;“录\t制\t中！”;
attachables/streamer_sign_red_rus;“录\t制\t中！”;
attachables/streamer_sign_red_eng;“录\t制\t中！”;
attachables/road_sign_users_incoming;“残\t疾\t人\t过\t街！”;
attachables/road_sign_users_keep;“继\t续\t别\t停\t下”;
attachables/road_sign_users_distance;“保\t持\t车\t距”;
attachables/slasher_mask;杀\t人\t魔\t面\t具;
attachables/slasher_hatchet;杀\t人\t魔\t砍\t刀;
attachables/it_mg_breda_38;布\t雷\t达 38 型\t机\t枪;
decals/it_mg_breda_38;布\t雷\t达 38 型\t机\t枪;
attachables/mac_31;MAC 31 机\t枪;
decals/mac_31;MAC 31 机\t枪;
attachables/fr_mas_36;MAS 36 步\t枪;
decals/fr_mas_36;MAS 36 步\t枪;
attachables/fr_mas_38;MAS 38 冲\t锋\t枪;
decals/fr_mas_38;MAS 38 冲\t锋\t枪;
attachables/christmas_wreath;圣\t诞\t花\t环;
attachables/stalingrad_sword;斯\t大\t林\t格\t勒\t之\t剑;
attachables/round_shield;圆\t盾;
attachables/param/maxSurfaceAngle;允\t许\t放\t置\t装\t饰\t挂\t件\t的\t最\t大\t角\t度\t为 {value}°;
attachables/ppd_3438;PPD 34/38 冲\t锋\t枪;
attachables/beretta_38;贝\t雷\t塔 1938 型\t冲\t锋\t枪;
attachables/m50_Reising;M50 雷\t兴\t冲\t锋\t枪;
attachables/owen_machine_carbine;欧\t文\t卡\t宾\t机\t枪;
attachables/mcculloch_47;电\t锯;
attachables/mg_m60;M60 轻\t机\t枪;
attachables/fifa_cup;冠\t军\t奖\t杯;
attachables/cannibal_axe;杀\t人\t斧\t头;
attachables/golden_ball;黄\t金\t足\t球;
attachables/golden_boot;黄\t金\t球\t鞋;
attachables/golden_glove;黄\t金\t手\t套;
attachables/silver_ball;白\t银\t足\t球;
attachables/silver_boot;白\t银\t球\t鞋;
attachables/silver_glove;白\t银\t手\t套;
attachables/type98_shin_gunto_set;九\t八\t式\t军\t刀;
attachables/type98_shin_gunto_triad;九\t八\t式\t军\t刀;
attachables/type98_shin_gunto_quad;九\t八\t式\t军\t刀;
attachables/type98_shin_gunto_star;九\t八\t式\t军\t刀;
attachables/type98_shin_gunto_six;九\t八\t式\t军\t刀;
attachables/rgd_33_pack;RGD-33 手\t榴\t弹;
attachables/akm_47;AKM 突\t击\t步\t枪;
attachables/mg_42;MG 3 机\t枪;
attachables/headset;苏\t联\t坦\t克\t帽\t（含\t通\t信\t系\t统）;
attachables/road_sign_tankers_day;军\t事\t交\t通\t路\t标;
attachables/helmet_1938;日\t本\t陆\t军\t战\t车\t帽;
attachables/helmet_m35;意\t大\t利 35 型\t装\t甲\t兵\t头\t盔;
attachables/helmet_wz35;法\t国 Mle 35 装\t甲\t兵\t头\t盔;
helmet_1938/name;日\t本\t陆\t军\t战\t车\t帽;
helmet_m35/name;意\t大\t利 35 型\t装\t甲\t兵\t头\t盔;
helmet_wz35/name;法\t国 Mle 35 装\t甲\t兵\t头\t盔;
attachables/fn_mag;FN MAG 机\t枪;
attachables/round_lion_shield;圆\t盾\t（狮\t子）;
attachables/celtic_shield;高\t卢\t盾\t牌;
attachables/dp_27;DP-27 机\t枪;
attachables/helm_rome_gold;角\t斗\t士\t头\t盔\t（金\t色）;
attachables/helm_rome_silver;角\t斗\t士\t头\t盔\t（银\t色）;
attachables/helm_rome_black;角\t斗\t士\t头\t盔;
attachables/ussr_body_armor_6b43;俄\t罗\t斯\t陆\t军 6B43 防\t弹\t衣;
attachables/ussr_body_armor_6b43/desc;“单\t兵\t装\t备”\t套\t装;
attachables/ussr_ammunition_wwii;苏\t联\t红\t军\t单\t兵\t携\t行\t具\t（1941 年）;
attachables/ussr_ammunition_wwii/desc;“单\t兵\t装\t备”\t套\t装;
attachables/ger_ammunition_wwii;德\t国\t国\t防\t军\t单\t兵\t携\t行\t具;
attachables/ger_ammunition_wwii/desc;“单\t兵\t装\t备”\t套\t装;
attachables/usa_ciras_land;美\t国\t海\t军\t陆\t战\t侦\t察\t队 CIRAS 陆\t上\t型\t背\t心;
attachables/usa_ciras_land/desc;“单\t兵\t装\t备”\t套\t装;
attachables/iotv_body_armor;美\t国\t陆\t军\t改\t进\t型\t外\t部\t战\t术\t背\t心\t（IOTV）;
attachables/iotv_body_armor/desc;“单\t兵\t装\t备”\t套\t装;
attachables/sweden_ak5d;Ak 5D 突\t击\t步\t枪;
attachables/cn_qbz_95;QBZ95 突\t击\t步\t枪;
attachables/sweden_carl_gustaf_m45;卡\t尔·古\t斯\t塔\t夫 m/45 冲\t锋\t枪;
attachables/sweden_gevar_m38;m/38 步\t枪;
attachables/sweden_kg_m40;m/40 轻\t机\t枪;
attachables/sweden_kg_m40/desc;6.5x55 毫\t米 m/40 轻\t机\t枪\t，1930 年\t代\t末\t开\t发。;
attachables/cn_type_63_ar;63 式\t自\t动\t步\t枪;
attachables/teddy_bear_valentine;爱\t心\t泰\t迪\t熊;
attachables/toilet_paper_roll_pack;珍\t稀\t物\t资;
attachables/helmet_afv_crewman;瑞\t典\t装\t甲\t兵\t头\t盔;
attachables/helmet_chinese_summer;中\t国\t坦\t克\t帽\t（含\t通\t信\t系\t统）;
attachables/dartboard;180 分！;
attachables/violet_chest;神\t秘\t宝\t箱;
attachables/galil_arm;加利尔 ARM 突\t击\t步\t枪;
attachables/hk_psg1;PSG1 半\t自\t动\t步\t枪;
attachables/m249;M249 班\t用\t自\t动\t武\t器;
attachables/m249/desc;5.56x45 毫\t米 M249 SAW 轻\t机\t枪\t，\t许\t可\t生\t产\t的 FN Minimi，\t可\t使\t用\t弹\t链\t或\t弹\t匣\t供\t弹。;
attachables/rpk;RPK 轻\t机\t枪;
attachables/rpk/desc;7.62x39 毫\t米 RPK 轻\t机\t枪\t，\t加\t长\t重\t枪\t管\t、\t安\t装\t双\t脚\t架\t和\t新\t枪\t托\t的 AKM。;
attachables/mg3_kws;MG3 KWS 机\t枪;
attachables/mg3_kws/desc;7.62x51 毫\t米 MG3 KWS 机\t枪\t，\t安\t装\t了\t导\t轨\t和\t新\t的\t枪\t托。;
attachables/type_88;QJY88 通\t用\t机\t枪;
attachables/type_88/desc;5.8x42 毫\t米 QJY88 通\t用\t机\t枪\t，\t于 1980 年\t代\t开\t发\t的\t通\t用\t机\t枪\t，\t替\t代\t了 67 式\t通\t用\t机\t枪。;
attachables/sports_balls;足\t球;
attachables/sports_balls/desc;“‘点’\t球\t大\t战”\t套\t装;
attachables/arisaka_44;有\t坂\t四\t四\t式\t骑\t枪;
attachables/arisaka_44/desc;6.5x50 毫\t米\t有\t坂\t弹\t步\t枪\t，\t最\t初\t为\t了\t骑\t兵\t单\t位\t开\t发\t，\t后\t来\t在\t后\t线\t单\t位\t使\t用。;
attachables/g41;Gew 41 步\t枪\t（瓦\t尔\t特\t型）;
attachables/g41/desc;7.92x57 毫\t米\t毛\t瑟\t弹\t半\t自\t动\t步\t枪\t，\t由\t瓦\t尔\t特\t为\t了 1941 年\t半\t自\t动\t步\t枪\t竞\t标\t开\t发\t的\t步\t枪\t，\t少\t量\t进\t入\t服\t役。;
attachables/lee_enfield;李\t-\t恩\t菲\t尔\t德 4 号 Mk I 步\t枪;
attachables/lee_enfield/desc;7.7x56R 毫\t米\t步\t枪\t，\t改\t进\t型\t的\t李\t-\t恩\t菲\t尔\t德 1 号\t步\t枪。;
attachables/m1_carabine;M1 卡\t宾\t枪;
attachables/m1_carabine/desc;7.62x33 毫\t米\t卡\t宾\t步\t枪\t，\t作\t为\t轻\t型\t半\t自\t动\t步\t枪\t开\t发\t，\t在\t二\t战\t和\t战\t后\t的\t一\t段\t时\t间\t被\t广\t泛\t使\t用。;
attachables/mauser_98k;毛\t瑟 Kar 98k 步\t枪;
attachables/mauser_98k/desc;7.92x57 毫\t米\t毛\t瑟\t弹\t步\t枪\t，\t是 1930 年\t代\t对 Gew 98 的\t紧\t型\t改\t进\t型\t，\t是\t二\t战\t期\t间\t德\t国\t国\t防\t军\t的\t制\t式\t步\t枪。;
attachables/type_99_sniper;九\t九\t式\t狙\t击\t枪;
attachables/type_99_sniper/desc;7.7x58 毫\t米\t有\t坂\t弹\t步\t枪\t，\t在\t九\t九\t式\t短\t小\t铳\t的\t基\t础\t上\t安\t装\t了\t望\t远\t瞄\t具。;
attachables/akms;AKMS 突\t击\t步\t枪;
attachables/akms/desc;7.62x39 毫\t米\t突\t击\t步\t枪\t，AKM 使\t用\t折\t叠\t枪\t托\t的\t型号\t，\t被\t分\t配\t被\t伞\t兵\t和\t车\t组\t乘\t员。;
attachables/akms_premium;黄\t金 AKMS 突\t击\t步\t枪;
attachables/akms_premium/desc;镀\t金\t的 AKMS。;
attachables/famas_f1;FAMAS F1 突\t击\t步\t枪;
attachables/famas_f1/desc;5.56x45 毫\t米\t突\t击\t步\t枪\t，1978 年\t开\t始\t作\t为\t制\t式\t步\t枪\t，\t直\t到 2017 年\t逐\t渐\t被 HK416 替\t代。;
attachables/feather_hat;羽\t饰\t帽\t子;
attachables/feather_hat/desc;“帽\t子”\t套\t装;
attachables/foil_hat;锡\t箔\t纸\t帽;
attachables/foil_hat/desc;“帽\t子”\t套\t装;
attachables/g36k;G36K 突\t击\t步\t枪;
attachables/g36k/desc;5.56x45 毫\t米\t突\t击\t步\t枪\t，\t短\t型\t号\t的 G36，\t安\t装\t了\t导\t轨\t系\t统。;
attachables/german_tank_helmet;德\t国\t钢\t制\t头\t盔 1935 型;
attachables/german_tank_helmet/desc;自 1935 年\t起\t成\t为\t德\t军\t标\t准\t头\t盔\t，\t在\t二\t战\t期\t间\t被\t广\t泛\t使\t用。;
attachables/helmet_gk80a_steel;中\t国 GK80/A 式\t头\t盔;
attachables/helmet_gk80a_steel/desc;GK80 头\t盔\t改\t进\t自 1960 年\t代\t末\t研\t发\t的 69 式\t头\t盔\t，\t作\t为\t军\t队\t现\t代\t化\t的\t一\t部\t分\t引\t入。;
attachables/helmet_hat;维\t京\t头\t盔;
attachables/helmet_hat/desc;“帽\t子”\t套\t装;
attachables/helmet_m1;美\t国 M1 型\t头\t盔;
attachables/helmet_m1/desc;美\t国\t在\t第\t二\t次\t世\t界\t大\t战\t以\t及\t越\t南\t战\t争\t期\t间\t使\t用\t的\t制\t式\t头\t盔。;
attachables/helmet_m1_late;“为\t杀\t戮\t而\t生”\t（美\t国 M1 型\t头\t盔）;
attachables/helmet_m1_late/desc;M1 型\t头\t盔\t，\t加\t装\t了 ERDL 迷\t彩\t罩。;
attachables/helmet_m21_18;瑞\t典 m/21-18 头\t盔;
attachables/helmet_m21_18/desc;瑞\t典\t于 1920 年\t代\t早\t期\t研\t制\t的\t步\t兵\t头\t盔\t，1937 年\t被 m/37 头\t盔\t取\t代。;
attachables/helmet_m26;法\t国 Mle 26 头\t盔;
attachables/helmet_m26/desc;Mle 26 头\t盔\t是\t一\t战\t“亚\t德\t里\t安”\t头\t盔\t的\t改\t进\t型\t，\t在\t二\t战\t中\t使\t用。;
attachables/helmet_m33;意\t大\t利 33 型\t头\t盔;
attachables/helmet_m33/desc;33 型\t头\t盔\t是\t二\t战\t期\t间\t以\t及\t冷\t战\t早\t期\t意\t大\t利\t军\t队\t的\t制\t式\t头\t盔。;
attachables/helmet_type90;日\t本\t陆\t军\t九\t〇\t式\t铁\t帽;
attachables/helmet_type90/desc;“头\t盔”\t套\t装;
attachables/jester_hat;小\t丑\t帽;
attachables/jester_hat/desc;“帽\t子”\t套\t装;
attachables/l85a1;L85A1 突\t击\t步\t枪;
attachables/l85a1/desc;5.56x45 毫\t米\t突\t击\t步\t枪\t，\t在\t多\t年\t的\t开\t发\t后\t诞\t生\t了\t这\t款\t可\t靠\t性\t不\t佳\t的\t步\t枪，\t在\t后\t期\t型\t号\t中\t最\t终\t解\t决\t了\t这\t一\t问\t题。;
attachables/leprechaun_hat;矮\t精\t灵\t帽;
attachables/leprechaun_hat/desc;“帽\t子”\t套\t装;
attachables/m4_carbine;M4 卡\t宾\t步\t枪;
attachables/m4_carbine/desc;5.56x45 毫\t米\t卡\t宾\t步\t枪\t，\t一\t种\t短\t管\t的 M16，\t现\t在\t作\t为\t美\t国\t武\t装\t部\t队\t的\t主\t要\t制\t式\t步\t枪。;
attachables/mad_hatter_hat;疯\t帽\t客\t之\t帽;
attachables/mad_hatter_hat/desc;“帽\t子”\t套\t装;
attachables/magic_hat;巫\t师\t帽;
attachables/magic_hat/desc;“帽\t子”\t套\t装;
attachables/pirate_hat;海\t盗\t三\t角\t帽;
attachables/pirate_hat/desc;“帽\t子”\t套\t装;
attachables/rabbit_hat;兔\t耳\t帽;
attachables/rabbit_hat/desc;“帽\t子”\t套\t装;
attachables/scs_70_90;SCS 70/90 突\t击\t步\t枪;
attachables/scs_70_90/desc;5.56x45 毫\t米\t突\t击\t步\t枪\t，\t卡\t宾\t枪\t型\t号\t的 AR70/90，\t为\t意\t大\t利\t山\t地\t部\t队\t开\t发\t，\t直\t到\t被 ARX-160 替\t代。;
attachables/sombrero_hat;墨\t西\t哥\t宽\t边\t帽;
attachables/sombrero_hat/desc;“帽\t子”\t套\t装;
attachables/type_89f;89 式\t折\t曲\t铳\t床\t式\t小\t步\t枪;
attachables/type_89f/desc;5.56x45 毫\t米\t突\t击\t步\t枪\t，\t紧\t凑\t型\t的 89 式\t小\t铳\t用\t于\t空\t降\t、\t侦\t查\t和\t机\t械\t化\t部\t队。;
attachables/uk_early_helmet;英\t国\t钢\t制\t头\t盔 Mk I;
attachables/uk_early_helmet/desc;“布\t罗\t迪”\t头\t盔\t是\t英\t国\t于 1915 年\t研\t发\t的\t头\t盔\t，\t在\t第\t一\t次\t世\t界\t大\t战\t中\t被\t英\t军\t和\t美\t军\t广\t泛\t使\t用\t，\t后\t期\t被 Mk II 和 Mk III 型\t号\t取\t代。;
attachables/uncle_sams_hat;山\t姆\t大\t叔\t高\t礼\t帽;
attachables/uncle_sams_hat/desc;“帽\t子”\t套\t装;
attachables/ussr_tank_helmet;苏\t联 SSh-39 头\t盔;
attachables/ussr_tank_helmet/desc;SSh-39 头\t盔\t是\t苏\t联\t于 1939 年\t研\t发\t的\t步\t兵\t头\t盔\t，\t在\t苏\t\t联\t军\t队\t中\t广\t泛\t使\t用\t\t，后\t来\t也\t出\t口\t到\t其\t他\t国\t家。;
attachables/road_sign_tanks;“注\t意，\t坦\t克！”;
attachables/battlepass_box;战\t斗\t通\t行\t证\t物\t资\t箱;
attachables/anvil;铁\t砧;
attachables/ak_103;AK-103 突\t击\t步\t枪;
attachables/cat_decor;小\t脑\t唬;
attachables/akms_ag;AKMS 突击步枪\t/GP-34 榴\t弹\t发\t射\t器;
attachables/akms_ag/desc;7.62x39 毫\t米 AKMS 突\t击\t步\t枪\t加\t装 40 毫\t米 GP-34 榴\t弹\t发\t射\t器。;
attachables/cn_qbz_95_ag;QBZ95 突\t击\t步\t枪\t/QLG91B 榴\t弹\t发\t射\t器;
attachables/cn_qbz_95_ag/desc;5.8x42 毫\t米 QBZ95 突\t击\t步\t枪\t加\t装 QLG91B 榴\t弹\t发\t射\t器。;
attachables/g36k_ag;G36K 突\t击\t步\t枪\t/AG36 榴\t弹\t发\t射\t器;
attachables/g36k_ag/desc;5.56x45 毫\t米 G36K 突\t击\t步\t枪\t加\t装 AG36 榴\t弹\t发\t射\t器。;
attachables/l85a1_ag;L85A1 突\t击\t步\t枪\t/AG36 榴\t弹\t发\t射\t器;
attachables/l85a1_ag/desc;5.56x45 毫\t米 L85A1 突\t击\t步\t枪\t加\t装 AG36 榴\t弹\t发\t射\t器。;
attachables/m4_carbine_ag;M4 卡\t宾\t步\t枪\t/M203 榴\t弹\t发\t射\t器;
attachables/m4_carbine_ag/desc;5.56x45 毫\t米 M4 卡\t宾\t步\t枪\t加\t装 M203 榴\t弹\t发\t射\t器。;
attachables/bengal_light_decor;仙\t女\t棒;
attachables/snowman_decor;雪\t人;
attachables/christmas_tree_decor;新\t年\t树;
attachables/decor_composite_bow;复\t合\t弓;
attachables/gladius;罗\t马\t短\t剑;
attachables/helmet_centurion;百\t夫\t长\t头\t盔;
attachables/scutum;罗\t马\t方\t盾;
attachables/anchor_danforth_ship;丹\t福\t斯\t锚;
attachables/anchor_matrosov_ship;马\t氏\t锚;
attachables/53k;53-K 反\t坦\t克\t炮;
attachables/decor_diver_suit;潜\t水\t服;
attachables/yamato_propeller;螺\t旋\t桨\t（“大\t和”\t号）;
attachables/uss_north_carolina_anchor;船\t锚\t（“北\t卡\t罗\t来\t纳”\t号）;
attachables/chrysanthemum_emblem;菊\t花\t御\t纹;
attachables/german_cross_ship;铁\t十\t字;
attachables/soviet_star_ship;红\t五\t星;
attachables/usn_emblem;美\t国\t海\t军\t徽\t标;
attachables/gagarin_helmet;宇\t航\t员\t头\t盔;
attachables/vostok_lander;“东\t方”\t号\t宇\t宙\t飞\t船;
attachables/dumper_wheel;翻\t斗\t车\t车\t轮;
attachables/skull_weight;骷\t髅\t壶\t铃;
attachables/husafell_stone;哈\t萨\t菲\t尔\t之\t石;
attachables/m1_garand;M1 加\t兰\t德\t步\t枪;
attachables/roks_flamethrowers;ROKS-3 火\t焰\t喷\t射\t器;
attachables/bren_mk2;“布\t伦”\tMk II 轻\t机\t枪;
attachables/acs_shield;ACS 盾\t牌;
attachables/voltigeur_sign;腾\t跃\t兵\t徽\t标;
attachables/helmet_m51;法\t国 51 型\t步\t兵\t头\t盔\t（1957 年）;
attachables/mat_49;MAT 49 冲\t锋\t枪;
attachables/aks_74u;AKS-74U 短\t突\t击\t步\t枪;
attachables/m1a1_carbine;M1A1 卡\t宾\t枪;
attachables/m4_late;M4\t“谢\t尔\t曼”;
attachables/willys_mb_dec;威\t利\t斯 MB;
attachables/waffenhalter;武\t器\t箱;
attachables/bsa_bicycle_fold;BSA 牌\t折\t叠\t自\t行\t车;
attachables/flash_mascot;宣\t传\t吉\t祥\t物;
attachables/aps;APS 水\t下\t突\t击\t步\t枪;
attachables/ida_71_u;循\t环\t呼\t吸\t器;
attachables/zodiac_boat;充\t气\t船;
attachables/decor_scarecrow;稻\t草\t人;
attachables/maxim_gun;马\t克\t沁\t机\t枪;
attachables/road_sign_airplane;“低\t空\t飞\t机”;
attachables/road_sign_deer;“野\t生\t动\t物”;
attachables/road_sign_overtake;“禁\t止\t超\t车”;
attachables/road_sign_skull;“雷\t区”;
attachables/road_sign_tank_uk;“军\t用\t车\t辆”;
attachables/road_sign_crossing;“坦\t克\t通\t行”;
attachables/road_sign_fire_st;“消\t防\t站”;
attachables/road_sign_slow;“慢\t行”;
attachables/christmas_sock_decor;圣\t诞\t袜;
attachables/decor_christmas_deer;圣\t诞\t鹿;
attachables/decor_snowboard;雪\t地\t滑\t板;
attachables/decor_snowshoes;雪\t鞋;
attachables/ak_bi_7_5;BI 7-5 冬\t季\t两\t项\t步\t枪;
attachables/ice_climber_backpack;攀\t冰\t背\t包;
attachables/snowmobile_nkl16;NKL-16/41 雪\t地\t摩\t托\t车;
attachables/decor_dukw;DUKW;
attachables/road_sign_p4p_silver;Play4Peace\t（银\t色）;
attachables/road_sign_p4p_gold;Play4Peace\t（金\t色）;
attachables/decor_chinese_lamp;灯\t笼;
attachables/ubt;UBT 机\t枪;
attachables/bomb_box;炮\t弹\t箱;
attachables/decor_skoda_morser_m16;305 毫\t米\t斯\t柯\t达 M.11/16 臼\t炮;
attachables/israeli_601_afv_helmet;以\t色\t列 OR 601 装\t甲\t兵\t头\t盔;
attachables/or_201_helmet;以\t色\t列 OR 201 头\t盔;
attachables/anchor_love;爱\t之\t锚;
attachables/shield_paveza;大\t盾;
attachables/mp5n;MP5NA3 冲\t锋\t枪;
attachables/decor_kris;仪\t仗\t波\t纹\t剑;
attachables/decor_bread_baguette;法\t棍\t面\t包\t篮;
attachables/decor_megaphone;电\t竞\t大\t喇\t叭;
attachables/decor_elephant;装\t甲\t战\t象;
attachables/elephant_helmet;象\t纹\t头\t盔;
attachables/ankus;驯\t象\t刺;
attachables/piat;步\t兵\t反\t坦\t克\t发\t射\t器\t（PIAT）;
attachables/sg43;SG-43 机\t枪;
attachables/us_browning_m1919a6;M1919A6 勃\t朗\t宁\t机\t枪;
attachables/decor_tank_matilda;“玛\t蒂\t尔\t达”;
bush_big_one_pcs/name;普\t通\t绿\t色\t植\t物\t树\t叶\t（A 款）;
bush_small_one_pcs/name;普\t通\t绿\t色\t植\t物\t树\t叶\t（C 款）;
bush_long_one_pcs/name;普\t通\t绿\t色\t植\t物\t树\t叶\t（B 款）;
palm_one_pcs/name;热\t带\t棕\t榈\t树\t叶\t（A 款）;
palm_long_one_pcs/name;热\t带\t棕\t榈\t树\t叶\t（B 款）;
fir_one_pcs/name;冷\t杉\t树\t叶\t（A 款）;
fir_long_one_pcs/name;冷\t杉\t树\t叶\t（B 款）;
attachables/bush_big_one_pcs;普\t通\t绿\t色\t植\t物\t树\t叶\t（A 款）;
attachables/bush_small_one_pcs;普\t通\t绿\t色\t植\t物\t树\t叶\t（C 款）;
attachables/bush_long_one_pcs;普\t通\t绿\t色\t植\t物\t树\t叶\t（B 款）;
attachables/vgt_d;普\t通\t绿\t色\t植\t物\t树\t叶\t（D 款）;
attachables/vgt_e;普\t通\t绿\t色\t植\t物\t树\t叶\t（E 款）;
attachables/palm_one_pcs;热\t带\t棕\t榈\t树\t叶\t（A 款）;
attachables/palm_long_one_pcs;热\t带\t棕\t榈\t树\t叶\t（B 款）;
attachables/vgt_palm_f;热\t带\t棕\t榈\t树\t叶\t（C 款）;
attachables/vgt_palm_e;热\t带\t棕\t榈\t树\t叶\t（D 款）;
attachables/fir_one_pcs;冷\t杉\t树\t叶\t（A 款）;
attachables/fir_long_one_pcs;冷\t杉\t树\t叶\t（B 款）;
attachables/vgt_fir_c;冷\t杉\t树\t叶\t（C 款）;
attachables/vgt_fir_e;冷\t杉\t树\t叶\t（D 款）;
attachables/birch;桦\t树\t叶\t（A 款）;
attachables/birch_long;桦\t树\t叶\t（B 款）;
attachables/vgt_birch_c;桦\t树\t叶\t（C 款）;
attachables/vgt_birch_f;桦\t树\t叶\t（D 款）;
attachables/vgt_birch_e;桦\t树\t叶\t（E 款）;
attachables/desert;干\t灌\t木\t丛\t（A 款）;
attachables/desert_long;干\t灌\t木\t丛\t（B 款）;
attachables/vgt_aspen_autumn_a;秋\t季\t树\t叶\t（A 款）;
attachables/vgt_aspen_autumn_b;秋\t季\t树\t叶\t（B 款）;
attachables/vgt_aspen_autumn_c;秋\t季\t树\t叶\t（C 款）;
attachables/vgt_aspen_autumn_d;秋\t季\t树\t叶\t（D 款）;
attachables/vgt_aspen_autumn_e;秋\t季\t树\t叶\t（E 款）;
attachables/vgt_pine_a;松\t树\t叶\t（A 款）;
attachables/vgt_pine_b;松\t树\t叶\t（B 款）;
attachables/vgt_pine_c;松\t树\t叶\t（C 款）;
attachables/vgt_pine_d;松\t树\t叶\t（D 款）;
attachables/vgt_pine_e;松\t树\t叶\t（E 款）;
attachables/vgt_olive_a;橄\t榄\t树\t叶\t（A 款）;
attachables/vgt_olive_b;橄\t榄\t树\t叶\t（B 款）;
attachables/vgt_olive_c;橄\t榄\t树\t叶\t（C 款）;
attachables/vgt_palm_banana_a;香\t蕉\t叶\t（A 款）;
attachables/vgt_palm_banana_b;香\t蕉\t叶\t（B 款）;
attachables/vgt_palm_banana_e;香\t蕉\t叶\t（C 款）;
attachables/vgt_palm_banana_d;香\t蕉\t叶\t（D 款）;
attachables/vgt_straw_bales_a;稻\t草\t（A 款）;
attachables/vgt_straw_bales_b;稻\t草\t（B 款）;
attachables/decor_flashing_light;应\t急\t频\t闪\t灯;
attachables/sign_stand_shoot;“停\t车，\t射\t击！”\t标\t语;
attachables/decor_training_mine;训\t练\t用\t水\t雷;
attachables/vespiary;蜂\t巢;
attachables/sailing_catamaran;双\t体\t帆\t船;
attachables/helmet_shin_kazama;风\t间\t真\t的\t头\t盔\t（电\t视\t动\t画\t版）;
attachables/helmet_kim_aba;金·亚\t柏\t的\t头\t盔\t（电\t视\t动\t画\t版）;
attachables/helmet_kitri;绮\t多\t丽·帕\t瓦\t娜\t的\t头\t盔\t（电\t视\t动\t画\t版）;
attachables/helmet_mickey_simon;米\t奇·赛\t门\t的\t头\t盔\t（电\t视\t动\t画\t版）;
attachables/cetme_mod_lc;CETME LC 型\t突\t击\t步\t枪;
attachables/helmet_6b48;6B48 坦\t克\t兵\t头\t盔;
attachables/decor_quadrocopter;四\t轴\t无\t人\t机;
attachables/austen_mk_1;“澳\t斯\t登”\tMk I 冲\t锋\t枪;
attachables/decor_greek_fire;希\t腊\t火;
attachables/m9a1_7_flamethrower;M9A1-7 喷\t火\t器;
attachables/sign_fire_danger;“可\t燃\t物”;
attachables/decor_10_years_anniversary;十\t周\t年\t纪\t念\t灯\t饰;
attachables/decor_10_years_anniversary_boat;十\t周\t年\t纪\t念\t灯\t饰 \t（水\t面\t舰\t艇）;
attachables/decor_x_letter;金\t色\t十\t年;
attachables/cake_anniversary_decor;庆\t典\t蛋\t糕;
attachables/snowtube;滑\t雪\t圈;
attachables/cuckoo_watch;布\t谷\t鸟\t钟;
attachables/christmas_gnome;圣\t诞\t侏\t儒;
attachables/decor_christmas_mill;圣\t诞\t磨\t坊;
attachables/decor_christmas_sleigh;圣\t诞\t雪\t橇;
attachables/decor_guard_post;护\t卫\t岗\t亭;
attachables/decor_crown;王\t冠;
attachables/scepter;皇\t家\t权\t杖;
attachables/decor_ampulomet;安\t瓿\t发\t射\t器;
attachables/trb_seal;巴\t焦\t尔;
attachables/decor_heraldic_shield;图\t纹\t铁\t盾;
attachables/decor_pelta_shield;新\t月\t轻\t盾;
attachables/football_tank_cup;最\t佳\t前\t锋 2023;
attachables/atrl_light_west_launcher;穿\t甲\t步\t兵\t轻\t型\t武\t器\t系\t统\t（APILAS）;
attachables/mg_8mm;西\t格 MG338 机\t枪;
attachables/decor_black_quadrocopter;四\t轴\t无\t人\t机;
attachables/exs_pilot_helmet;战\t术\t头\t盔;
attachables/decor_shako;圆\t筒\t军\t帽;
attachables/decor_cavalryman_statue;骑\t兵\t雕\t像;
attachables/decor_lewis_gun;刘\t易\t斯\t机\t枪 Mk I;
attachables/pm_38;PM-38 迫\t击\t炮;
attachables/mg_maxim_tokarev;马\t克\t沁\t-托\t卡\t列\t夫\t机\t枪;
attachables/sterling;帕\t切\t特\t机\t关\t卡\t宾\t枪\t一\t号 Mk I;
attachables/us_browning_m1918;M1918A2 勃\t朗\t宁\t自\t动\t步\t枪;
attachables/decor_dakimakura_anime_usa;凯\t特\t等\t身\t抱\t枕;
attachables/decor_dakimakura_anime_ussr;玛\t丽\t亚\t等\t身\t抱\t枕;
attachables/mg_vickers;维\t克\t斯\t机\t枪 Mk I;
attachables/decor_puzzle_lock;门\t锁;
attachables/decor_shved;瑞\t典\t消\t人\t斧;
attachables/decor_bear_head;巨\t熊\t之\t怒;
attachables/decor_eagle_head;义\t勇\t雄\t鹰;
attachables/decor_bagpack;突\t击\t背\t包;
attachables/decor_themis_drone;履\t带\t式\t混\t合\t模\t块\t化\t步\t兵\t系\t统;
attachables/cn_qjy_88;QJY88 通\t用\t机\t枪;
attachables/decor_bmx;BMX;
attachables/jet_ski;摩\t托\t艇;
attachables/type98_shin_gunto_seven;九\t八\t式\t军\t刀;
attachables/type98_shin_gunto_seven/desc;昭\t和 13 年\t（1938 年）\t制\t式\t军\t官\t制\t服\t佩\t刀，\t战\t后\t被\t称\t为\t九\t八\t式\t军\t刀。;
attachables/decor_molotov_box;莫\t洛\t托\t夫\t燃\t烧\t瓶;
attachables/helmet_phv57e;TSh-4M 坦\t克\t帽\t（附 PNV-57Ye 夜\t视\t仪）;
attachables/rm_40;RM-40 迫\t击\t炮;
attachables/mk1a_flight_helmet;Mk 1A 飞\t行\t头\t盔;
attachables/beretta_ar_70_90;AR70/90 突\t击\t步\t枪;
attachables/waka_boat;毛\t利\t独\t木\t舟;
attachables/decor_lifeboat_carley_float;卡\t利\t救\t生\t筏;
attachables/decor_emergency_buoy;紧\t急\t浮\t标;
attachables/colt_browning_m1895;柯\t尔\t特\t-\t勃\t朗\t宁 M1895 机\t枪;
attachables/death_valley_sign;“死\t亡\t谷”\t路\t牌;
attachables/helmet_nvg;FAST XP 头\t盔\t（附 GPNVG-18 全\t景\t夜\t视\t仪）;
attachables/decor_club_night_battles;“夜\t战\t俱\t乐\t部”;
attachables/decor_christmas_board;新\t年\t灯\t牌;
attachables/decor_gingerbread_house;姜\t饼\t屋;
attachables/decor_ratrack;压\t雪\t车;
attachables/decor_snowbike;雪\t地\t摩\t托;
attachables/road_sign_closed;“小\t心\t雪\t崩”\t警\t告\t牌;
attachables/road_sign_north_pole;北\t极\t点\t指\t示\t标;
attachables/fn_scar;FN SCAR-L 突\t击\t步\t枪;
attachables/mk19_grenade_launcher;Mk 19 自\t动\t榴\t弹\t发\t射\t器;
attachables/decor_fuel_pallet;软\t体\t油\t箱;
attachables/maxim_gun_blockade;PM1910 机\t枪\t（路\t障）;
attachables/decor_new_year_dragon;翠\t玉\t苍\t龙;
attachables/decor_dakimakura_anime_french;瓦\t莱\t丽\t等\t身\t抱\t枕;
attachables/decor_dakimakura_anime_german;艾\t尔\t莎\t等\t身\t抱\t枕;
attachables/red_army_hat;布\t琼\t尼\t帽;
attachables/decor_goalkeeper_cup;2024 最\t佳\t足\t球\t运\t动\t员;
attachables/decor_wheel_spike_md;尖\t刺\t装\t甲;
attachables/decor_metal_flame_md;铁\t血\t烈\t焰;
attachables/pf_98;PF98 式 120 毫\t米\t火\t箭\t筒;
attachables/decor_sweden_navy_shield;瑞\t典\t海\t军\t盾\t徽;
attachables/rk_62;RK 62 M3 突\t击\t步\t枪;
attachables/karl_gustav;卡\t尔-古\t斯\t塔\t夫 m/86 无\t后\t坐\t力\t炮;
attachables/travel_gramophone;便\t携\t式\t留\t声\t机;
attachables/m1921_thompson;M1921 汤\t普\t森\t冲\t锋\t枪;
attachables/decor_demolition_bomb;“飞\t行\t垃\t圾\t桶”\t（1 号\t爆\t破\t炸\t弹）;
attachables/decor_auction;拍\t卖\t锤;
attachables/pisang;香\t蕉;
attachables/seikat_pisang;一\t捆\t香\t蕉;
attachables/xm_29;XM29 理\t想\t单\t兵\t作\t战\t武\t器;
attachables/decor_lldr_an_ped_1b;目\t标\t激\t光\t指\t示\t器;
attachables/decor_davy_crockett;M29 戴\t维·克\t罗\t克\t特\t武\t器\t系\t统;
attachables/type98_shin_gunto_eight;九\t八\t式\t军\t刀\t（八\t剑\t传）;
attachables/paris_general_hat;法\t国\t将\t官\t桶\t帽;
attachables/tanks_general_hat;苏\t联\t坦\t克\t兵\t将\t官\t帽;
attachables/he_fs_gold;黄\t金\t尾\t翼\t稳\t定\t高\t爆\t弹;
attachables/decor_mantelet;防\t护\t沙\t袋;
attachables/tuhao_heygirl;土\t豪\t黑\t盒\t娘;
attachables/dsr_1;DSR-1 狙\t击\t步\t枪;
attachables/dsr_1/desc;7.62x51 毫\t米\t紧\t凑\t型\t狙\t击\t步\t枪，\t由\t德\t国 DSR-\t精\t确 GmbH 公\t司\t设\t计，\t作\t为\t警\t察\t神\t射\t手\t专\t用\t的\t狙\t击\t步\t枪\t使\t用。;
attachables/decor_dakimakura_anime_omaneko;御\t前\t喵\t抱\t枕\t（普\t通\t版）;
attachables/decor_dakimakura_anime_omaneko/desc;航\t空\t自\t卫\t队\t御\t前\t崎\t基\t地\t官\t方\t吉\t祥\t物\t“御\t前\t喵\t”特\t殊\t助\t眠\t装\t置 1 式;
attachables/decor_dakimakura_anime_omaneko_b;御\t前\t喵\t抱\t枕\t（限\t定\t版）;
attachables/decor_dakimakura_anime_omaneko_b/desc;航\t空\t自\t卫\t队\t御\t前\t崎\t基\t地\t官\t方\t吉\t祥\t物\t“御\t前\t喵\t”特\t殊\t助\t眠\t装\t置 1 式\t改;
attachables/lad;LAD 轻\t机\t枪;
attachables/lad/desc;7.62x25 毫\t米 LAD 轻\t机\t枪，\t虽\t然\t采\t用\t弹\t带\t供\t弹\t并\t具\t有\t内\t置\t两\t脚\t架，\t但\t使\t用\t的\t却\t是\t托\t卡\t列\t夫\t手\t枪\t弹，\t于 1942 年\t至 1943 年\t间\t开\t发。\t仅\t制\t造\t了\t两\t把\t原\t型\t枪。;
attachables/luftfaust_b;“飞\t拳”\t地\t对\t空\t火\t箭\t筒;
attachables/luftfaust_b/desc;无\t制\t导\t的 20 毫\t米\t地\t对\t空\t火\t箭\t发\t射\t器，\t早\t期\t称\t为\t“空\t拳”\tB。;
attachables/enzian;“龙\t胆\t草”\t地\t对\t空\t导\t弹;
attachables/tkb_059;TKB-059 三\t管\t突\t击\t步\t枪;
attachables/decor_d_point_cup;D 点;
attachables/decor_d_point_cup/desc;为\t什\t么\t要\t占\t领 D 点！？;
attachables/decor_nutcraker;胡\t桃\t夹\t子;
attachables/decor_hut_on_chicken_legs;魔\t女\t之\t家;
attachables/christmas_gnome_girl;圣\t诞\t女\t地\t精;
attachables/decor_wooden_christmas_tree;迷\t你\t圣\t诞\t树;
attachables/decor_uroboros;衔\t尾\t蛇;
attachables/mas_49_56;MAS 49/56 步\t枪;
attachables/mas_49_56/desc;7.5x54 毫\t米 MAS 49/56 步\t枪\t是\t法\t军\t直\t到 1979 年\t才\t退\t役\t的\t制\t式\t步\t枪。;
attachables/lrac_f1;LRAC F1 火\t箭\t筒;
attachables/lrac_f1/desc;反\t坦\t克\t火\t箭\t发\t射\t器\t（LRAC）\tF1 是\t法\t军\t用\t于\t取\t代 M20A1\t“巴\t祖\t卡”\t设\t计\t的\t可\t重\t复\t使\t用\t火\t箭\t发\t射\t器。;
attachables/mo_120_rt_f1;RT F1 迫\t击\t炮;
attachables/mo_120_rt_f1/desc;120 毫\t米\t线\t膛\t拖\t曳\t式\t迫\t击\t炮。;
attachables/decor_heybox_guai;黑\t盒\t怪;
attachables/decor_bomb_on_tank;未\t爆\t弹;
attachables/decor_bomb_on_tank/desc;"3... 2... 1... 啊\t哦!
未\t爆\t弹\t是\t指\t部\t署\t时\t未\t爆\t炸\t的\t爆\t炸\t性\t武\t器，\t可\t能\t会\t意\t外\t发\t生\t爆\t炸，\t造\t成\t致\t命\t后\t果！";
attachables/decor_kubanka_hat;库\t班\t哥\t萨\t克\t毛\t皮\t帽;
attachables/benelli_m4;贝\t奈\t利 M4 Super 90;
attachables/benelli_m4/desc;M4 设\t计\t于 1998 年，已\t被\t意\t大\t利、美\t国 (M1014) 和\t英\t国\t等\t国\t的\t武\t装\t部\t队\t采\t用。;
attachables/pickelhelm;钉\t盔;
attachables/ak_46_1;AK-46 一\t号\t样\t枪;
attachables/rpg2;RPG-2 火\t箭\t推\t进\t榴\t弹;
attachables/b_10;B-10 无\t后\t坐\t力\t炮;
attachables/ds_39;DS-39 机\t枪;
attachables/decor_reddit_500k;50 万\t人\t社\t区，\t持\t续\t攀\t升\t中！;
attachables/decor_reddit_500k/desc;纪\t念\t战\t争\t雷\t霆 Reddit 社\t区\t关\t注\t人\t数\t突\t破 50 万\t人;
attachables/decor_gneisenau_heraldic_shield;格\t奈\t森\t瑙\t纹\t章;
attachables/decor_m1941_johnson;M1941 约\t翰\t逊\t机\t枪;
attachables/decor_kaiten_type_1;回\t天\t一\t型;
attachables/decor_kaiten_type_1/desc;"“此\t特\t殊\t兵\t器\t乃\t以\t挺\t身\t肉\t薄\t一\t击\t必\t杀\t为\t目\t的，\t在\t性\t能\t上\t特\t别\t危\t险。\t”
——\t回\t天\t征\t兵\t指\t南";
attachables/type_mg_64;1964 年\t式\t冲\t锋\t枪;
attachables/qlz_87;QLZ06 式\t半\t自\t动\t榴\t弹\t发\t射\t器;
attachables/type_63_rocket_launcher;1963 年\t式 107 毫\t米\t轮\t式\t火\t箭\t炮;
attachables/decor_dakimakura_anime_china;沈\t凤\t翎\t等\t身\t抱\t枕;
attachables/type98_shin_gunto_nine;九\t八\t式\t军\t刀\t（九\t刀\t流）;
attachables/type98_shin_gunto_nine/desc;“入\t海\t为\t尸\t水\t中\t存，\t入\t山\t成\t尸\t丛\t草\t生。\t”;
attachables/decor_golden_tank_bullet_heat_fs;黄\t金\t尾\t翼\t稳\t定\t破\t甲\t弹;
attachables/decor_chinese_thompson;晋\t造\t汤\t姆\t逊\t手\t提\t机\t枪;
attachables/decor_robo_dog;机\t器\t狗;
attachables/decor_robo_dog/desc;"游\t侠\t是\t一\t种\t自\t主\t四\t足\t攻\t击\t机\t器\t人。\t它\t是\t玩\t家\t可\t以\t召\t唤\t参\t战\t的\t工\t具\t之\t一，\t它\t可\t被\t空\t投\t到\t活\t跃\t的\t战\t区。
<color=@buttonCloseColorHover>（啊\t不\t好\t意\t思\t走\t错\t了）</color>";
attachables/decor_dakimakura_anime_elsa;艾\t尔\t莎\t等\t身\t抱\t枕;
attachables/decor_dakimakura_anime_kate;凯\t特\t等\t身\t抱\t枕;
attachables/decor_dakimakura_anime_maria;玛\t丽\t亚\t等\t身\t抱\t枕;
CLIPPED_LANG_KEEP_IT_ALWAYS_FIRST;;
